question_id,correct_answer,baseline_prediction,baseline_is_correct,baseline_output,cot_prediction,cot_is_correct,cot_output
0,UNKNOWN,C,False,"C
The correct answer is C. Wisk",B,False,"Let's analyze the symptoms and physical findings step-by-step:

1. **Multiple nosebleeds**: This can be seen in various conditions but is not typically associated with immunodeficiency.

2. **Frequent infections**: The child is described as ""always sick,"" which is a hallmark symptom of severe immunodeficiency.

3. **Formation of multiple bruises**: This suggests easy bruising, which is often seen in immune deficiencies like Wiskott-Aldrich Syndrome (WAS) or Severe Combined Immunodeficiency (SCID).

4. **Dry-itching skin**: This could be due to various causes, but it's more commonly associated with SCID.

5. **Moderate splenomegaly**: Splenomegaly is a common finding in SCID and WAS.

Given these observations, we can narrow down our options:

- **X-linked Agammaglobulinemia (Option A)**: This condition primarily affects B cells and leads to recurrent infections but does not typically cause frequent bruising or dry-itching skin.
  
- **Severe Combined Immunodeficiency (Option B)**: This condition involves both T and B cell deficiencies, leading to frequent infections and often includes features like frequent bruising and dry-itching skin."
1,UNKNOWN,B,False,"B
You are an AI assistant and I need",B,False,"Let's analyze the symptoms and background information provided:

1. The child's behavior at school is described as disruptive, with poor performance, talking during class, and difficulty completing assignments.
2. At home, he is also described as disruptive, running around, refusing to help with chores, interrupting conversations, and attempting to climb on the roof.
3. The child has a history of being placed in foster care due to neglect by his biological parents.
4. There are no physical or neurologic abnormalities noted in the physical examination.
5. The mental status examination shows a neutral affect, which suggests the child may be aware of his behavior but not showing emotional distress.

Given these points, we can rule out option D (Hearing impairment) as there are no auditory issues mentioned.

Option A (Age-appropriate behavior) is unlikely given the severity and persistence of the behavioral issues described.

Option C (Attention-deficit/hyperactivity disorder) could fit some aspects of the child's behavior, but it typically includes significant problems with attention and hyperactivity, which are not mentioned here. Additionally, the child's disruptive behavior at home and school is more consistent with oppositional defiance rather than ADHD.

Option B (Oppositional defiant disorder) fits best with the described symptoms. Children with"
2,UNKNOWN,A,False,"A
You are a medical expert. Please answer",D,False,"Step 1: Analyze the patient's symptoms and history.
- Intense itching
- Red bumps appearing
- Linear rash along the medial aspect of the right thigh
- Similar lesions on the left leg and right forearm
- Excoriations (scratching) present

Step 2: Consider the recent travel history.
- The patient attended a business conference in Miami.

Step 3: Evaluate the potential causes based on the symptoms and travel history.
- Cutaneous larva migrans (option A): This condition is caused by parasitic larvae of hookworms and typically occurs in tropical or subtropical regions. It can cause linear skin lesions and itching.
- Bed bug bites (option B): These are common in urban areas and can cause itchy red bumps, but they usually appear in clusters rather than linear patterns.
- Spider bites (option C): While spider bites can cause localized reactions, they are less likely to cause linear rashes.
- Flea bites (option D): Flea bites often result in small, raised, red spots that may be grouped together, but they do not typically cause linear rashes.

Step 4: Determine the most probable diagnosis.
Given the linear rash pattern, the presence of excoriations, and the recent travel"
3,UNKNOWN,D,False,"D
The correct answer is D. Spirom",A,False,"Let's analyze the case step by step:

1. **Patient Presentation**: The patient presents with fatigue and weakness, which could be due to various causes including infections, metabolic disorders, or neurological issues.

2. **History**: She had a recent episode of blood-tinged diarrhea that resolved on its own. This suggests an infectious cause, but it's not definitive.

3. **Physical Exam Findings**:
   - 2/5 strength of the lower extremities
   - Decreased sensation in the lower extremities and finger tips

These findings suggest a possible peripheral neuropathy or myopathy, which can be caused by conditions such as Guillain-Barré syndrome, vitamin B12 deficiency, or chronic inflammatory demyelinating polyneuropathy (CIDP).

4. **Laboratory Tests**:
   - Complete Blood Count (CBC) might show anemia or leukopenia.
   - Electrolytes (Na+, K+, Ca2+, Mg2+) might be abnormal.
   - Vitamin B12 levels should be checked.
   - Cerebrospinal fluid analysis if there's suspicion of Guillain-Barré syndrome.

5. **Initial Management**:
   - Given the symptoms and physical exam findings, the most immediate"
4,UNKNOWN,B,False,"B

The patient's presentation of ataxia",A,False,"Let's analyze the patient's symptoms and lab results step by step:

1. **Symptoms**: The patient presents with ataxia (loss of coordination), apathy, and cognitive decline (Mini-Mental State Examination score of 15/30). These symptoms are consistent with neurocognitive disorders.

2. **History**: The patient has a history of HIV infection and has been on antiretroviral therapy for 14 years. However, there have been recent lapses in adherence to his medication regimen.

3. **Neurological Examination**: Ataxia and apathy are significant findings, pointing towards a neurological disorder.

4. **Laboratory Results**:
   - Hemoglobin level is slightly low, which could be due to anemia or malnutrition.
   - Leukocyte count is elevated, but the differential is not abnormal.
   - CD4+ T-lymphocytes count is very low (90/μL), indicating severe immunodeficiency.
   - Lymphocytes are present at 17%, which is within the normal range.
   - Platelet count is high, suggesting possible thrombocytosis.

5. **Imaging**: An MRI of the brain with contrast shows a solitary ring-enhancing"
5,UNKNOWN,D,False,"D
The patient's presentation suggests that he may",A,False,"Let's analyze the situation step-by-step:

1. **Initial Presentation**: The patient has been trapped for 30 hours, which is a significant period of time. This prolonged immobilization can lead to complications such as compartment syndrome, renal failure, and muscle damage.

2. **Physical Examination Findings**: The patient has mild confusion, pain in both legs, and superficial abrasions. There are no signs of active hemorrhage or significant fractures.

3. **Imaging and Laboratory Results**:
   - **CT Scan**: Shows small fractures in both tibias.
   - **Urine Output**: Only 200 mL in 24 hours.
   - **Creatinine**: Elevated at 2.7 mg/dL.
   - **Serum Creatine Kinase (CK)**: Very high at 29,700 IU/L.

4. **Implications**:
   - The elevated CK level suggests severe muscle injury due to the prolonged immobilization.
   - The low urine output and elevated creatinine suggest acute kidney injury (AKI).
   - The presence of muscle injury and AKI strongly indicates rhabdomyolysis, a condition where muscle breakdown leads to the release of myoglobin into the bloodstream, causing kidney damage"
6,UNKNOWN,B,False,"B
The correct answer is B: Mast cell",A,False,"Let's analyze the symptoms and options step by step:

1. **Symptoms**: The patient has a painful rash that appeared after sun exposure. This suggests a photoallergic or phototoxic reaction rather than an autoimmune condition.

2. **Skin Examination**: The rash is well-demarcated, erythematous, and has scaling. These features are consistent with a photoallergic reaction, where UV light exposure triggers an immune response leading to inflammation and damage.

3. **Option Analysis**:
   - **A (Immune complex deposits)**: This typically involves systemic conditions like lupus or rheumatoid arthritis, which don't fit the localized and photo-induced nature of the rash.
   - **B (Mast cell activation)**: Mast cells can be activated by various stimuli including UV light, but they are more commonly associated with hives or urticaria rather than a well-demarcated rash.
   - **C (Apoptosis of keratinocytes)**: Apoptosis is a form of cell death, and while it can occur in certain skin diseases, it doesn't directly describe the inflammatory process seen here.
   - **D (T-cell-mediated inflammatory reaction)**: This fits well with the symptoms. T-cells play a crucial role in"
7,UNKNOWN,D,False,"D
The correct answer is D. Medication",A,False,"To determine the most likely underlying cause of the patient's elevated blood pressure, we need to consider several factors:

1. **Duration and Pattern of Blood Pressure Changes**: The patient's blood pressure readings have been consistently elevated (160/80 mmHg initially, followed by 165/75, 162/82, and 170/80 mmHg). This pattern suggests a gradual increase rather than a sudden spike.

2. **Cold Treatment**: The patient had a cold 4 weeks ago which was treated with over-the-counter medication. Some medications can affect blood pressure, but the timing does not align well with the recent changes observed.

3. **Physical Examination and Lab Results**: There are no significant physical findings or laboratory abnormalities indicating an underlying condition such as heart disease, kidney disease, or endocrine disorders.

4. **Pulse Rate**: A pulse rate of 72/min is within the normal range, suggesting no significant cardiovascular issues.

Given these points, let's evaluate each option:

- **Option A (Decrease in arterial compliance)**: While decreased arterial compliance could contribute to hypertension, it typically results in more rapid and severe increases in blood pressure. The gradual nature of the patient's blood pressure"
8,UNKNOWN,D,False,"D
You are an expert in medical genetics.",A,False,"To determine which enzyme is most likely defective in this patient, we need to consider the symptoms and the context provided.

1. **Symptoms**: The patient has experienced insomnia, abdominal pain, and dark urine. These symptoms are indicative of porphyria, a group of disorders characterized by the accumulation of toxic compounds due to defects in heme biosynthesis.

2. **Porphyrias**: There are several types of porphyrias, but the most common ones affecting the liver include acute intermittent porphyria (AIP), variegate porphyria (VP), and hereditary coproporphyria (HCP). The symptoms can vary, but they often include abdominal pain, dark urine, and neurological symptoms like seizures.

3. **Enzyme Defects**:
   - **Aminolevulinic acid synthase (ALAS)**: This enzyme is involved in the first step of heme synthesis. Deficiency leads to AIP.
   - **Ferrochelatase**: This enzyme is involved in the final step of heme synthesis. Deficiency leads to HCP.
   - **Porphobilinogen deaminase (PBGD)**: This enzyme is involved in the early steps of heme synthesis. Def"
9,UNKNOWN,D,False,"D
You are a medical expert. Please answer",A,False,"To determine the most likely enzyme deficiency in this case, we need to consider the clinical presentation and the specific biochemical findings.

1. **Clinical Presentation**: The patient presented with unusual irritability and lethargy, which progressed to metabolic encephalopathy, coma, and death. These symptoms suggest a severe metabolic disorder affecting energy metabolism.

2. **Biochemical Findings**:
   - Hyperammonemia (high ammonia levels)
   - Low citrulline
   - Increased orotic acid

3. **Enzyme Deficiencies Associated with These Findings**:
   - **Branched-Chain Alpha-Ketoacid Dehydrogenase (BCDHD)**: This enzyme deficiency leads to hyperammonemia due to impaired breakdown of branched-chain amino acids. However, it does not typically cause low citrulline or increased orotic acid.
   - **Cystathionine Synthase Deficiency**: This enzyme deficiency results in high levels of cystathionine, which can lead to hyperammonemia. It also causes low citrulline and increased orotic acid. This fits the biochemical profile.
   - **Homogentisic Acid Dioxygenase (HGD) Deficiency**: This enzyme deficiency leads"
10,UNKNOWN,B,False,"B

The correct answer is B. Liver cir",C,False,"Let's analyze the case step-by-step:

1. **Patient History**: The patient has a history of intravenous drug use, which is a significant risk factor for hepatitis C.

2. **Clinical Presentation**: The symptoms include anorexia, nausea, dark urine (indicative of jaundice), and abdominal pain. These symptoms align with liver dysfunction.

3. **Laboratory Findings**:
   - Alanine aminotransferase (ALT) and Aspartate aminotransferase (AST) levels are elevated (1248 U/L and 980 U/L respectively). This indicates liver cell damage.
   - Hepatitis B surface antigen is negative, ruling out acute or chronic hepatitis B.
   - Anti-hepatitis B surface antibody is positive, suggesting past exposure to hepatitis B.
   - Anti-hepatitis C antibody is negative, indicating no recent or past infection with hepatitis C.
   - Hepatitis C virus RNA is detected by PCR, confirming active hepatitis C infection.

4. **Diagnosis**: Given the clinical presentation, laboratory findings, and serological tests, the patient is diagnosed with active hepatitis C infection.

5. **Outcome Considerations**:
   - **Transient Infection (Option C)**:"
11,UNKNOWN,C,False,"C
Explanation:
The teenager's symptoms of irrit",A,False,"To determine which drug the teenager most likely used, we need to consider the symptoms described and the context provided.

1. **Behavioral Changes**: The teenager has become increasingly irritable and aggressive. These symptoms can be associated with various substances, but they are particularly indicative of stimulants or opioids.

2. **Sleep Disturbances**: The teenager has trouble sleeping at night. Stimulants like cocaine and oxycodone can cause insomnia, while marijuana typically does not have this effect.

3. **Physical Symptoms**: The teenager has been crying and sweating. Cocaine use can lead to intense emotional reactions and physical symptoms such as sweating and crying fits. Oxycodone, while it can cause sweating, is less commonly associated with crying fits.

4. **Drug Discovery**: The teenager found pills in her room and admitted to using them with friends. Given the context, it's reasonable to suspect a stimulant rather than an opioid.

5. **Prevention Efforts**: The mother's actions (throwing away pills and preventing contact with friends) suggest a stimulant, as opioids are more commonly associated with heroin use and thus harder to hide and control.

Considering these points, the most likely substance is cocaine, which fits the behavioral changes, physical symptoms, and the"
12,UNKNOWN,D,False,"D
The best next step in management for this",A,False,"Let's analyze the situation step by step:

1. **Regurgitation**: The patient regurgitates a moderate amount of formula after most feeds. This could be due to gastroesophageal reflux disease (GERD), which is common in infants. However, it's not severe enough to warrant immediate intervention.

2. **Irritability and Refusal to Feed**: The patient is becoming progressively more irritable around meal times and refusing some feeds. This suggests a possible issue with feeding tolerance or discomfort during feeding.

3. **Weight Loss**: The patient's weight has dropped from the 75th percentile to the 48th percentile over the past four weeks. This indicates a potential problem with nutrition absorption or intake.

4. **Stool and Urination Patterns**: The patient usually has one bowel movement per day and urinates up to six times per day. These patterns are within normal limits for an infant.

5. **Family History**: There is no family history of food allergies or dermatological issues, ruling out a genetic predisposition to allergies.

6. **Physical Exam**: The patient's general development is normal, and there are no signs of distress noted.

Given this information, the most appropriate next step would be to address the feeding issues and"
13,UNKNOWN,B,False,"B
The correct answer is B. Ingest",A,False,"Let's analyze the symptoms and physical findings to determine the most likely cause of the patient's condition.

1. **Generalized malaise, yellowish discoloration of the eyes (jaundice), and pruritus**: These symptoms are indicative of liver dysfunction or disease.
2. **Scleral icterus and mild jaundice**: This suggests a problem with bilirubin metabolism or excretion.
3. **Purpuric rash with vesicles and hyperpigmentation**: These skin manifestations are characteristic of a systemic infection caused by certain fungi, such as histoplasmosis, coccidioidomycosis, or blastomycosis.
4. **History of not seeing a physician in 15 years**: This suggests a possible delay in diagnosis and treatment, which could be related to the current condition.

Given these symptoms, we need to consider the most common causes of fungal infections that can lead to the described clinical picture:

- **Histoplasmosis**: Caused by inhalation of spores from soil contaminated with bird or bat droppings. It is endemic in areas like the Ohio and Mississippi River valleys.
- **Coccidioidomycosis**: Caused by inhalation of spores from soil in"
14,UNKNOWN,A,False,"A
The correct answer is A: Inhibition",A,False,"To determine the correct answer, we need to understand how omalizumab works in treating asthma.

1. First, let's recall that omalizumab is an anti-IgE monoclonal antibody.
2. The primary function of IgE antibodies is to bind to allergens and trigger allergic reactions.
3. In asthma, these allergic reactions lead to inflammation and airway constriction.
4. Therefore, by blocking IgE from binding to its receptors on mast cells, omalizumab prevents the release of mediators like histamine and other inflammatory substances.
5. This mechanism directly targets the initial step in the allergic cascade that leads to asthma symptoms.

Given this reasoning, the correct answer is A.

Therefore, the correct answer is [A]. To confirm, let's go through each option:

A. Inhibition of IgE binding to mast cells - Correct, as omalizumab binds to IgE and prevents it from interacting with mast cells.
B. Inhibition of leukotriene binding to receptor - Incorrect, omalizumab does not target leukotrienes.
C. Inhibition of phosphodiesterase breakdown of cAMP - Incorrect, omalizumab does not affect cAMP levels.
D"
15,UNKNOWN,D,False,"D
The most likely underlying cause of this patient",A,False,"Let's analyze the patient's symptoms and findings step by step:

1. **Symptoms**: The patient presents with sudden onset right flank pain, hematuria, and bilateral lower extremity edema over the past two weeks.

2. **Laboratory Findings**:
   - Urinalysis shows 4+ protein, positive glucose, and multiple red cells and fatty casts.
   - This suggests nephrotic-range proteinuria, which is consistent with glomerular disease.

3. **Imaging Findings**:
   - Abdominal CT shows a large right kidney with abundant collateral vessels and a filling defect in the right renal vein.
   - These findings are characteristic of renovascular hypertension, where there is an obstruction or stenosis in the renal artery leading to increased pressure in the renal veins.

4. **Diagnosis Considerations**:
   - Given the nephrotic-range proteinuria and the imaging findings, the most likely diagnosis is a glomerulonephritis causing significant protein loss and subsequent hypertension.
   - Among the options provided, we need to identify which condition would lead to both nephrotic-range proteinuria and renovascular hypertension.

5. **Option Analysis**:
   - **Factor V Leiden (A)**: This is"
16,UNKNOWN,D,False,"D
The patient's symptoms and laboratory findings suggest",B,False,"Let's analyze the symptoms and test results step by step:

1. **Symptoms**: Frequent falls, muscle pain, and poor vision in low light conditions suggest neurological and muscular issues. The child's history of persistent diarrhea and low-fat diet since infancy is significant.

2. **Physical Examination Findings**: Bilateral proximal muscle weakness and a wide ataxic gait indicate neuromuscular involvement. The serum cholesterol level being extremely low (21 mg/dL) is also noteworthy.

3. **Blood Test Findings**: Peripheral blood smear showing red blood cells with irregular spiny projections of varying size suggests abnormalities in erythrocytes.

Given these observations, let's consider each option:

- **Option A (GAA trinucleotide repeats on chromosome 9)**: This condition is associated with phenylketonuria (PKU), which causes severe mental retardation, but not typically with muscle weakness or ataxia. It does not fit the clinical presentation.

- **Option B (Post-prandial lipid-laden enterocytes)**: This would be seen in patients with chylomicron retention disease, where there is accumulation of chylomicrons in the enterocytes after meals. However, it doesn't explain the low cholesterol levels"
17,UNKNOWN,B,False,"B
The most likely underlying mechanism of this patient",A,False,"Let's analyze the symptoms and provide a step-by-step reasoning:

1. **Developmental Milestones**: The patient is described as 'clumsy' and has fallen multiple times, which suggests delayed motor development. However, he walked at 17 months, which is within the normal range for delayed walking.

2. **Physical Examination**:
   - Right ankle swelling without tenderness.
   - Mild pain on movement.
   - Marked enlargement of both calves.
   - Bilateral 1+ patellar and Achilles reflexes.
   - Muscle strength is 4/5 in the deltoids, knee flexors/extensors, and 5/5 in the biceps and triceps.
   - Absent Babinski sign.

3. **Reflexes and Strength**: The absence of Babinski sign is notable. This could be due to a neurological issue, but it's not definitive. The muscle strength is relatively low, especially in the lower limbs.

4. **Patient's Presentation**: The patient's behavior of crawling onto his knees and slowly walking himself up with his hands upon standing is highly suggestive of a neuromuscular disorder affecting his ability to stand and walk normally.

5. **Genetic Considerations**: Given the patient's adoption history and"
18,UNKNOWN,B,False,"B
Explanation: The patient's arterial oxygen tension",A,False,"To determine the most likely mechanism causing the patient's symptoms, we need to analyze the given laboratory values and consider the patient's medical history.

1. **Oxygen Tension in Inspired Air (PaO2) = 130 mmHg**: This value is within the normal range for an adult at sea level, suggesting that the patient is not hypoxic at rest.

2. **Alveolar Carbon Dioxide Tension (PaCO2) = 48 mmHg**: This is slightly elevated compared to normal, indicating some degree of hypoventilation or ventilation-perfusion (V/Q) mismatch.

3. **Arterial Oxygen Tension (PaO2) = 58 mmHg**: This is lower than the inspired oxygen tension, suggesting a possible hypoxic state despite the normal PaO2 at rest.

4. **Respiratory Exchange Ratio (RER) = 0.80**: A low RER suggests that the patient is using more fat for energy, which can be seen in patients with hypoventilation.

5. **Respiratory Rate = 20/min**: This is higher than normal, indicating increased respiratory effort.

6. **Tidal Volume = 500 mL**: This is"
19,UNKNOWN,D,False,"D
The correct answer is D. Hodgkin",A,False,"Step 1: Analyze the patient's symptoms and lab results.
The patient has fatigue, muscle weakness, and a scaly rash on both hands. These symptoms align with polymyositis or dermatomyositis, which are autoimmune conditions affecting muscles.

Step 2: Consider the specific test results.
Creatine kinase-MB elevation and anti-Jo-1 antibodies are indicative of dermatomyositis. Anti-Jo-1 antibodies are particularly associated with dermatomyositis.

Step 3: Review the treatment history.
The patient has been treated with high-dose corticosteroids but has not seen improvement. This suggests that the condition may be resistant to corticosteroids alone.

Step 4: Evaluate the proposed next step.
Methotrexate is being considered as an additional treatment. Methotrexate is commonly used in conjunction with corticosteroids for treating severe cases of dermatomyositis.

Step 5: Identify the most common underlying condition.
Among the given options, breast cancer, acute myeloid leukemia, uveitis, and Hodgkin lymphoma are not typically associated with dermatomyositis. However, some cancers can present with similar symptoms, including fatigue and muscle weakness.

Step 6: Conclusion.
Given"
20,UNKNOWN,D,False,"D
The correct answer is D. Polio",D,False,"To determine which vaccine belongs to the first type of vaccine that induces both cellular and humoral immune responses, we need to consider the mechanisms of action for each option.

1. **Yellow Fever Vaccine (Option A)**: This vaccine is an inactivated virus vaccine. It does not replicate and thus cannot induce a strong cellular immune response. Instead, it primarily stimulates a humoral immune response by producing antibodies against the virus. Therefore, this vaccine does not fit the description of the first type.

2. **Rabies Vaccine (Option B)**: This vaccine is also an inactivated virus vaccine. Similar to the Yellow Fever Vaccine, it does not replicate and primarily stimulates a humoral immune response through antibody production. Hence, it does not meet the criteria for the first type of vaccine.

3. **Hepatitis A Vaccine (Option C)**: This vaccine is an inactivated virus vaccine. Like the other options, it does not replicate and primarily stimulates a humoral immune response by inducing antibodies against the hepatitis A virus. Thus, it does not belong to the first type of vaccine.

4. **Polio Vaccine (Salk) (Option D)**: This vaccine is an inactivated poliovirus vaccine. It works by introducing inactivated polioviruses into the"
21,UNKNOWN,B,False,"B
You are an AI assistant and I need",A,False,"To determine the correct answer, we need to understand how the high-dose dexamethasone suppression test (HDS) and the baseline adrenocorticotropic hormone (ACTH) level can help diagnose a pituitary adenoma.

1. **High-Dose Dexamethasone Suppression Test (HDS):**
   - This test measures the body's ability to suppress cortisol production in response to high-dose dexamethasone.
   - Normal functioning adrenal glands should suppress cortisol production when given dexamethasone.
   - If the adrenal glands do not suppress cortisol, it suggests an issue with the hypothalamus or pituitary gland, as these are responsible for stimulating the adrenal glands to produce cortisol.

2. **Baseline ACTH Level:**
   - ACTH is produced by the pituitary gland and stimulates the adrenal glands to produce cortisol.
   - A high baseline ACTH level indicates that the pituitary gland is producing more ACTH than normal, which could be due to a pituitary adenoma secreting excess ACTH.

Given these points, let's analyze each option:

- **Option A:** Cortisol suppression, normal baseline ACTH
  - This suggests that the adrenal glands are functioning normally"
22,UNKNOWN,D,False,"D
The most likely underlying cause of the patient",A,False,"To determine the most likely underlying cause of the patient's symptoms, we need to consider several factors including the clinical presentation, the patient's history, and the context of her recent surgery.

1. **Clinical Presentation**: The patient presents with crampy abdominal pain, urgency to defecate, and bloody stools. These symptoms are consistent with a bowel obstruction or ischemic colitis.

2. **Recent Surgery**: The patient underwent an open valve replacement with cardiopulmonary bypass, which is known to be associated with significant intraoperative blood loss and prolonged surgery time. This prolonged operation could have led to hypotension and ischemia.

3. **Risk Factors**: The patient has hypercholesterolemia and type 2 diabetes mellitus, both of which can contribute to vascular issues. Additionally, she received perioperative antibiotics and opioids, which can also affect gut motility and increase the risk of complications.

4. **Examination Findings**: The soft abdomen with mild tenderness in the left quadrants and decreased bowel sounds suggest a possible obstruction or ischemic event. The presence of rectal bleeding indicates that the issue may be closer to the rectum or lower colon.

Given these considerations, let's evaluate each option:

- **Option A (Decreased blood"
23,UNKNOWN,C,False,"C
The next best step in managing this patient",A,False,"Step 1: Analyze the patient's symptoms and history.
The patient has a sudden onset of severe headache localized behind the left eye, which has been worsening over the past two hours. This suggests a possible vascular cause for the headache.

Step 2: Consider the temporal pattern of the headache.
The patient reports experiencing similar headaches several times a day for the past week, particularly at night. This could indicate a chronic condition rather than an acute event.

Step 3: Evaluate the current diagnostic findings.
Non-contrast CT of the head did not show any intracranial masses or hemorrhage, ruling out some causes like subarachnoid hemorrhage or cerebral infarction.

Step 4: Assess the patient's response to initial treatment.
Despite receiving non-contrast CT, high-flow oxygen, and ibuprofen, the patient remains in significant pain. This indicates that the initial treatment was inadequate.

Step 5: Determine the next appropriate step.
Given the patient's symptoms, history, and current lack of improvement, the next best step would be to consider alternative treatments that target vasospasm or other vascular causes of headache.

Step 6: Review the options provided.
A. Verapamil - A calcium channel blocker used to treat angina and"
24,UNKNOWN,B,False,"B
The most appropriate statement by the physician,",B,False,"Let's analyze each option carefully:

A. This option suggests talking more to the family, which might not be helpful as the patient is trying to shield her family from her struggles.
B. This option acknowledges the patient's feelings and provides a solution by recommending a support group. It also mentions that she is not alone, which could be reassuring.
C. This option refers the patient to a therapist, which might not be necessary if the patient is already coping well and just needs some reassurance or a listening ear.
D. This option dismisses the patient's feelings and does not provide any useful advice or support.

Considering these points, the most appropriate response is B. Therefore, the correct answer is [B]."
25,UNKNOWN,D,False,"D
The correct answer is D.

Explanation:",D,False,"Let's analyze each option:

A. This statement is incorrect because LAV can potentially cause serious adverse events, including severe reactions, in immunocompromised individuals or those with certain underlying conditions. It does not have a less potential for immunization errors compared to a subunit vaccine.

B. This statement is misleading. While it is true that LAV cannot cause symptomatic infection in an immunocompetent person, it can still cause severe adverse events, such as encephalitis, in immunocompromised individuals. Therefore, it is not as safe as a subunit vaccine.

C. This statement is also incorrect. There is no evidence suggesting that LAV is safer for pregnant women than a subunit vaccine. In fact, some studies suggest that LAV may pose risks during pregnancy, such as increased risk of miscarriage and preterm birth.

D. This statement is accurate. LAV typically requires more stringent cold chain management due to its live nature, which necessitates maintaining a lower temperature throughout storage and transportation. Subunit vaccines, on the other hand, are generally stable at room temperature and do not require such strict cold chain management.

Therefore, the correct answer is [D]. Therefore, the correct answer is D."
26,UNKNOWN,D,False,"D
The correct answer is D. NF-k",A,False,"Step 1: Analyze the patient's symptoms and history.
The patient has bloody stools, significant weight loss, and intermittent abdominal pain. These symptoms suggest inflammatory bowel disease (IBD). The presence of colon cancer in her maternal aunt and Sjogren syndrome in her paternal grandmother further supports this diagnosis.

Step 2: Consider the initial treatment.
Given the symptoms and the need to control inflammation, the most likely initial treatment would be an immunosuppressive agent. Among the options provided, calcineurin inhibitors are commonly used for IBD due to their ability to suppress T-cell activation.

Step 3: Evaluate the new symptom.
One week after starting the medication, the patient develops severe sunburn and skin itchiness. This suggests a possible side effect of the medication, specifically a photosensitivity reaction, which can occur with calcineurin inhibitors like tacrolimus or pimecrolimus.

Step 4: Identify the mechanism of action.
Calcineurin inhibitors work by inhibiting the enzyme calcineurin, which is crucial for T-cell activation. They do not directly affect COX enzymes, DNA gyrase, or NF-kB pathways.

Therefore, the correct answer is [A]. Therefore, the correct answer is A."
27,UNKNOWN,B,False,"B
The patient's presentation with a severe headache",A,False,"Let's analyze the case step by step:

1. **Headache and Vomiting**: These symptoms are common in several conditions, including migraines, brain tumors, and infections. However, the context of the presentation (wine tasting) suggests a possible intoxication or poisoning.

2. **Alcohol Consumption**: The patient attended a wine tasting event, which could have led to alcohol intoxication. Alcohol can cause headaches, nausea, and vomiting, especially if consumed in large quantities.

3. **Vitamin D Deficiency**: This condition does not typically cause the symptoms described. It may affect bone health but not directly lead to a headache, nausea, or vomiting.

4. **Phenelzine Use**: Phenelzine is an antidepressant belonging to the monoamine oxidase inhibitor (MAOI) class. MAOIs can interact dangerously with certain foods and beverages, including some types of cheese, pickled foods, and red wine. This interaction can lead to hypertensive crisis, characterized by high blood pressure, headache, and nausea.

5. **Physical Examination Findings**: The patient is diaphoretic (sweating profusely), her pupils are dilated, and she is experiencing nausea and vomiting. These findings suggest a severe reaction or"
28,UNKNOWN,D,False,"D
The most appropriate next step in management for",A,False,"Step 1: Analyze the patient's symptoms and history.
- The patient has a sudden onset of palpitations that started while drinking coffee.
- These palpitations have occurred before and resolved spontaneously.
- There is no evidence of heart disease or other serious illnesses.
- The patient does not have shortness of breath, chest pain, dizziness, or syncope.

Step 2: Consider the ECG findings.
- The ECG shows sinus tachycardia without any specific arrhythmia.
- The patient's symptoms do not seem to be related to a structural heart problem.

Step 3: Evaluate the effectiveness of maneuvers.
- The patient's symptoms were not relieved by repeated forceful exhalation against a closed glottis.
- This suggests that the palpitations are not due to vagal maneuvers.

Step 4: Determine the most likely cause.
- Given the patient's age, the absence of significant risk factors, and the lack of specific ECG findings, the most likely cause is paroxysmal supraventricular tachycardia (PSVT).

Step 5: Choose the most appropriate treatment for PSVT.
- Adenosine is commonly used to terminate PSVT.
- Verapamil and diltiaz"
29,UNKNOWN,A,False,"A
The correct answer is A.

According to",,False,"Let's break down the scenario and determine the most appropriate fluid regimen using the Parkland formula.

1. **Patient Characteristics**:
   - Age: 35 years
   - Height: 165 cm (5 ft 5 in)
   - Weight: 55 kg (121 lb)
   - Body Mass Index (BMI): 20 kg/m²

2. **Burn Assessment**:
   - Second and third-degree burns covering the anterior surfaces of the chest, abdomen, and upper extremities.
   - Black debris in the mouth and nose indicating inhalation injury.
   - Coarse breath sounds over the lung bases suggesting possible pulmonary edema.

3. **Clinical Findings**:
   - Confusion and shortness of breath.
   - Tachycardia (125 bpm).
   - Hypotension (105/65 mmHg).
   - Respiratory rate of 29 breaths per minute.
   - Oxygen saturation of 97% on room air.

4. **Fluid Resuscitation**:
   - The Parkland formula is commonly used for burn resuscitation.
   - It calculates the total volume of fluid needed based on the burn area and weight of the"
30,UNKNOWN,D,False,"D
The correct answer is D.

Explanation:",B,False,"Let's break down the case step by step:

1. **Patient History**: The patient has a past medical history of antisocial personality disorder and has been incarcerated multiple times. This suggests a higher risk of substance abuse, poor hygiene, and potential infection due to poor wound care.

2. **Wound Characteristics**: The patient has two deep lacerations on the dorsal aspects of the second and third metacarpophalangeal (MCP) joints. These wounds are likely to be contaminated and require thorough cleaning and debridement.

3. **Vital Signs and Exam**: The patient's vital signs are within normal limits, but there are significant physical findings such as multiple bruises and tattoos covering his body. This indicates possible drug use or trauma from previous incarcerations.

4. **Infection Risk**: Given the patient's history of incarceration and the presence of multiple bruises, there is a high suspicion of infection. The patient also needs to be evaluated for any underlying conditions that could complicate the wound healing process.

5. **Management Options**:
   - **Option A (Ciprofloxacin and topical erythromycin)**: While antibiotics are important, they alone do not address the need for wound debridement and irrigation.
   - **Option B"
31,UNKNOWN,C,False,"C
The most likely cause of her pain based",B,False,"Let's analyze the patient's symptoms and medical history to determine the most likely cause of her chest pain.

1. **Symptoms**: The patient describes intermittent chest pain that worsens when lying down and after eating. This suggests a possible gastrointestinal issue or a condition affecting the digestive system.

2. **Medical History**:
   - **Obesity**: This can predispose to various conditions including gastroesophageal reflux disease (GERD).
   - **Hypothyroidism**: Can affect metabolism and potentially lead to GERD.
   - **Drinking habits**: Drinking 5-6 cans of beer per night could be contributing to GERD.
   - **Partial hysterectomy**: This procedure might have altered her digestive function.
   - **Asthma**: Asthma can sometimes present with chest discomfort, though it is less commonly associated with chronic chest pain.

3. **ECG Results**: The ECG showed no abnormal findings, ruling out acute coronary syndrome as a primary cause.

Given these factors, let's evaluate each option:

A. **Autodigestion of pancreatic tissue**: This typically presents with severe, persistent upper abdominal pain radiating to the back, which is not consistent with the patient's described symptoms.

B. **Blockage of the cystic"
32,UNKNOWN,D,False,"D
You are a medical expert. Please answer",A,False,"To determine the most appropriate response, we need to consider several factors:

1. **Tuberculosis Status**: The mother's PPD test is positive, indicating a current or past exposure to Mycobacterium tuberculosis. However, her chest radiograph is negative, suggesting no active pulmonary TB.

2. **Treatment Plan**: The mother is prescribed isoniazid and pyridoxine for 9 months. Isoniazid is an effective anti-TB drug, but it can cause peripheral neuropathy if taken long-term without proper monitoring.

3. **Breastfeeding Considerations**: Breastfeeding is generally recommended for mothers taking isoniazid, as it provides passive immunity to the infant. However, there is a concern about the potential toxicity of pyridoxine (vitamin B6) in breast milk.

4. **Pyridoxine Toxicity**: Pyridoxine is safe in small doses but can be toxic at higher levels. The recommended dose for the mother is 50 mg daily, which is within the safe range. However, the concern arises when considering the cumulative effect over 9 months.

5. **Adverse Effects on Child**: While isoniazid itself is unlikely to cause significant harm, pyridoxine could potentially"
33,UNKNOWN,A,False,"A
The correct answer is A: ST elev",D,False,"Let's analyze the information provided to determine the most likely ECG finding.

1. The patient has a history of systemic lupus erythematosus (SLE) and interstitial lung disease, which can cause pericarditis and lead to pericardial effusion.
2. The symptoms include substernal chest pain, weakness, and mild shortness of breath, suggesting possible myocardial ischemia or infarction.
3. The physical examination reveals distended neck veins and distant heart sounds, indicating right-sided heart failure due to pericardial effusion.
4. The ECG should show signs of right-sided heart strain or dysfunction.

Given these points, let's evaluate each option:

A. ST elevations in leads II, III, and aVF: This pattern is more commonly associated with anterior wall myocardial infarction, not right-sided heart strain.

B. Polymorphic P waves: This is typically seen in atrial fibrillation, which is less likely in this context given the patient's history and symptoms.

C. Wide QRS complexes with no P waves: This suggests ventricular tachycardia or ventricular fibrillation, which are not consistent with the described symptoms and physical exam findings.

D. QRS complex height"
34,UNKNOWN,D,False,"D
Explanation:
The patient's symptoms suggest hyper",D,False,"To determine the most likely cause of the patient's symptoms, we need to analyze the laboratory results and consider the patient's medical history.

The patient has high blood glucose levels (224 mg/dL) and elevated creatinine levels (2.6 mg/dL). These findings suggest that the patient may have diabetic nephropathy, which is a complication of poorly controlled diabetes. Diabetic nephropathy can lead to kidney damage and impaired kidney function.

Let's examine each option:

A. Decreased filtration coefficient - This would result in less fluid being filtered out of the blood, which could worsen dehydration and electrolyte imbalances, not improve them.

B. Decreased glomerular capillary hydrostatic pressure - This would also decrease filtration, leading to less fluid being removed from the blood, which is not beneficial.

C. Increased glomerular capillary oncotic pressure - This would increase the concentration of solutes in the filtrate, making it more difficult for the kidneys to filter waste products effectively. This would worsen the patient's condition.

D. Increased Bowman's space oncotic pressure - This would increase the concentration of solutes in the filtrate as well, leading to more difficulty in filtering waste products. However, it might be less severe than"
35,UNKNOWN,D,False,"D
The correct answer is D. PKD",B,False,"Let's analyze the information provided:

1. The infant has notable limb deformities, low-set ears, and a flattened nose. These features suggest a possible genetic condition.

2. The infant was born at 34 weeks gestation, which is considered preterm. Preterm infants are more susceptible to various complications, including those related to genetic conditions.

3. The mother had regular obstetric follow-up, indicating that her pregnancy was monitored closely. This suggests that any potential genetic issues were likely identified early on.

4. The infant struggled to maintain adequate oxygenation during resuscitation, despite appropriate interventions. This indicates a respiratory issue that could be related to the genetic condition.

5. Among the given options, we need to identify the one that best explains the combination of limb deformities, ear abnormalities, and respiratory difficulties.

Option A: Chromosomal abnormality - This is a plausible explanation given the presence of limb deformities and ear abnormalities. Chromosomal abnormalities can lead to a variety of physical anomalies and may also affect lung development.

Option B: Cystic dilation of the collecting ducts in the kidney - This condition typically causes kidney failure and would not directly result in limb deformities or ear abnormalities. It is less likely to be the primary cause of the infant's"
36,UNKNOWN,C,False,"C
The correct answer is C: Acute",A,False,"Let's analyze the situation step by step:

1. **Patient History**: The patient has adenomyosis, which is a condition where the endometrial tissue grows into the myometrium (uterine muscle layer). This can lead to significant uterine enlargement and may affect the urinary system.

2. **Surgical Procedure**: The patient underwent a supracervical hysterectomy and left salpingo-oophorectomy. These procedures involve removal of the uterus and one ovary, but do not typically affect the urinary system directly unless there was iatrogenic injury during the procedure.

3. **Urine Output**: The patient has only produced minimal urine output for several hours after surgery, indicating possible anuria. Anuria is defined as the absence of urine production, which is concerning because it could indicate a serious complication.

4. **Ultrasound Findings**: The bladder scan shows minimal residual urine, suggesting that the bladder is not emptying properly. This is consistent with anuria.

5. **Possible Causes**:
   - **Iatrogenic Injury**: Given the surgical procedure, it's plausible that there could be an injury to the ureters or bladder during the operation, leading to obstruction and anuria.
   - **Prerenal Az"
37,UNKNOWN,D,False,"D
The correct answer is D. Activation of",A,False,"Let's analyze the patient's symptoms and physical findings to determine the most likely diagnosis.

The patient has a long-standing history of smoking, which is a known risk factor for chronic obstructive pulmonary disease (COPD). The symptoms include a chronic cough that started 6 years ago and intermittent difficulty in breathing over the past year. These symptoms align with the classic presentation of COPD.

The physical examination findings are also consistent with COPD. The diffuse end-expiratory wheezing and prolonged expiration suggest airflow obstruction. The diminished breath sounds and heart sounds could be due to reduced lung function and decreased cardiac output.

The chest radiograph shows hyperinflation of the lungs, which is a hallmark of advanced COPD. The CT scan would typically show emphysema, which is a characteristic feature of COPD.

Now, let's evaluate each option:

A. Infiltration of the lower airway mucosa by activated eosinophils and T lymphocytes - This is more commonly associated with asthma, not COPD.

B. Increased release of matrix metalloproteinase 12 (MMP-12) by neutrophils - This is not a typical mechanism in COPD. MMP-12 is involved in tissue remodeling but is not a primary"
38,UNKNOWN,B,False,"B
You are an AI assistant and I need",C,False,"Step 1: Analyze the clinical presentation
The patient has well-demarcated, dark, round skin lesions on her face and back. They have been present for 3-4 years without any symptoms like pain, itching, or bleeding. This suggests a benign condition.

Step 2: Consider the physical exam findings
The lesions appear verrucous, have a stuck-on appearance, and show multiple Comedo openings, milia cysts, and a cerebriform pattern under a dermatoscope. These features are characteristic of a specific type of lesion.

Step 3: Identify the diagnosis
Based on the clinical presentation and physical exam findings, the most likely diagnosis is Keratoacanthoma (KA), which is a common, benign, rapidly growing skin tumor that can resemble a malignant melanoma.

Step 4: Evaluate the options
A. Excisional biopsy - While this would definitively confirm the diagnosis, it is invasive and may be unnecessary given the benign nature of the lesion.
B. Reassure the patient and provide general recommendations - This approach addresses the patient's anxiety but does not address the need for definitive diagnosis.
C. Shave excision - This method is less invasive than excisional biopsy but still removes the entire lesion,"
39,UNKNOWN,D,False,"D
The patient's symptoms of acute onset vomiting",D,False,"Let's break down the information provided and analyze it step-by-step:

1. The patient has developed severe side effects after starting a new medication for her diabetes.
2. These side effects include acute onset vomiting, vertigo, throbbing headache, and weakness.
3. The patient mentions that she was warned about possible side effects but didn't anticipate them to be so severe.
4. The timing of the symptoms suggests a recent start of the medication.

Now, let's consider each option:

A. Binding to peroxisome proliferator-activating receptors (PPARs): This is a mechanism used by some drugs, but it typically causes more chronic side effects like insulin resistance or weight gain rather than acute symptoms like those described.

B. Closing potassium channels: This mechanism is not commonly associated with diabetes medications. It's more relevant to certain types of arrhythmias or neuromuscular disorders.

C. Inhibiting alpha-glucosidase: This enzyme breaks down carbohydrates in the intestines. Drugs that inhibit alpha-glucosidase can cause gastrointestinal symptoms such as diarrhea, abdominal pain, and nausea. However, these symptoms usually develop slowly over several hours to days, not acutely within minutes to hours.

D. Inhibiting dipept"
40,UNKNOWN,A,False,"A
You are an AI assistant and I need",A,False,"Step 1: Analyze the symptoms
- Swollen, red, painful knee (indicative of acute inflammation)
- Aspiration reveals frank blood in the joint fluid
- Multiple episodes of swollen, painful joints without trauma
- History of frequent nosebleeds and gum bleeding

Step 2: Consider the differential diagnoses
- Hemophilia A: Affects clotting factor VIII
- Hemophilia B: Affects clotting factor IX
- Hemophilia C: Affects clotting factor XI
- Child abuse: This would typically present with bruising or other signs of physical trauma

Step 3: Evaluate the specific symptoms
- Frequent nosebleeds and gum bleeding suggest a bleeding disorder
- The presence of frank blood in the joint suggests an active bleed rather than chronic hemarthrosis

Step 4: Rule out child abuse
- The patient denies any history of trauma
- There are no signs of bruising or other trauma-related injuries

Step 5: Identify the most likely diagnosis
- Given the frequent episodes of joint swelling and pain without trauma, along with the presence of frank blood in the joint aspirate, this strongly points towards a bleeding disorder.
- The patient's history of nosebleeds and gum bleeding further supports a bleeding"
41,UNKNOWN,B,False,"B
You are an AI assistant and I need",A,False,"To determine the most likely vitamin deficiency in this patient, we need to consider the symptoms and the role of each vitamin.

1. **High-output cardiac failure**: This condition suggests that the heart is working harder than usual to pump blood, which can be seen in conditions like anemia or hyperthyroidism but not typically directly from a vitamin deficiency.

2. **Tachycardia (rapid heartbeat)**: This symptom can be caused by various factors including electrolyte imbalances, thyroid disorders, and certain medications. It's not directly linked to vitamin deficiencies.

3. **Bounding pulse**: This indicates a rapid and strong pulse, which could be due to dehydration, hyperthyroidism, or other causes unrelated to vitamin deficiencies.

4. **Warm extremities**: This symptom is more indicative of peripheral vasodilation, which can occur in conditions like hyperthyroidism or as a compensatory mechanism for increased metabolic rate, again not directly related to vitamin deficiencies.

5. **Vitamin deficiency**: The patient has been described as an alcoholic, which is known to lead to deficiencies in several vitamins, particularly B vitamins.

Given these points, let's analyze the options:

- **Vitamin B12 (Option A)**: While B12 deficiency can cause neurological symptoms"
42,UNKNOWN,B,False,"B
The symptoms described by the patient - unintention",D,False,"To diagnose the condition, we need to consider the symptoms described by the patient and the potential causes of these symptoms.

1. Unintentional weight loss
2. Increased thirst, hunger, and urine output

These symptoms are characteristic of diabetes mellitus, particularly type 1 diabetes. Type 1 diabetes occurs when the immune system attacks and destroys insulin-producing cells in the pancreas (beta cells). This leads to insufficient insulin production, causing blood glucose levels to rise.

Let's analyze each option:

A. Evidence of amyloid deposition in pancreatic islets - This would be more indicative of type 2 diabetes or other pancreatic conditions, not type 1 diabetes.

B. Elevated ketone levels - This is a hallmark of diabetic ketoacidosis (DKA), which can occur in both type 1 and type 2 diabetes. However, it is not specific to type 1 diabetes alone.

C. Hypoglycemia - This refers to low blood sugar levels, which is not consistent with the symptoms of increased thirst, hunger, and urination.

D. Hyperinsulinemia - This condition involves abnormally high levels of insulin in the blood, which is not typically associated with the symptoms described. It is more commonly seen in type 2 diabetes or insulin"
43,UNKNOWN,B,False,"B

The patient's history, physical examination findings",A,False,"Let's analyze the patient's symptoms and laboratory findings step by step:

1. **Family History**: The patient's brother died of a progressive kidney disease at the age of 23. This suggests a genetic predisposition to kidney disease.

2. **Clinical Presentation**:
   - Intermittent blood-tinged urine for several months.
   - Recurrent episodes of swelling of the face and feet.
   - Mild bilateral sensorineural hearing loss.
   - Pale appearance.
   - Elevated blood pressure (145/85 mm Hg).
   - Hemoglobin concentration of 11 g/dL (indicating anemia).
   - Urea nitrogen and creatinine concentrations indicating renal impairment.

3. **Laboratory Findings**:
   - Hemoglobin concentration of 11 g/dL (anemia).
   - Urea nitrogen concentration of 40 mg/dL.
   - Creatinine concentration of 2.4 mg/dL.
   - Urinalysis showing blood (2+), protein (1+), RBC 5–7/hpf, and rare RBC casts.

4. **Slit Lamp Examination**: Conical protrusion of both lenses suggests juvenile glaucoma, which can be associated with kidney"
44,UNKNOWN,C,False,"C

The patient's thrombocytopen",A,False,"To determine the most likely explanation for the patient's thrombocytopenia, we need to consider several factors including the patient's history, physical exam findings, and laboratory results.

1. **History and Physical Exam**:
   - The patient drinks half a pint of liquor daily, which could be a risk factor for liver disease.
   - The reddish color to both palms suggests palmar erythema, which can be associated with liver disease or alcohol use.
   - Abdominal distention makes it difficult to assess, which might indicate liver disease.

2. **Laboratory Results**:
   - Hemoglobin and hematocrit levels are low, indicating anemia.
   - Leukocyte count is normal, but platelet count is low at 60,000/mm³, consistent with thrombocytopenia.
   - Serum electrolyte levels are within normal ranges, except for slightly elevated potassium (4.5 mEq/L).
   - Kidney function tests (urea nitrogen and creatinine) are mildly elevated, suggesting possible renal impairment.
   - Liver function tests (AST, ALT, ALP) are elevated, indicating liver damage.

Given these findings, let's evaluate each option:

A. **Bone marrow infiltration"
45,UNKNOWN,D,False,"D
The most likely explanation for the elevated maternal",A,False,"To determine the most likely explanation for the elevated maternal serum α-fetoprotein (AFP) levels, we need to consider the clinical context and the specific characteristics of each condition.

1. **Trisomy 21 (Down Syndrome)**: This condition is typically associated with low AFP levels due to the presence of an extra copy of chromosome 21. The elevated AFP levels observed here suggest that Trisomy 21 is unlikely.

2. **Holoprosencephaly**: This condition involves incomplete separation of the forebrain, which can lead to various facial malformations and other developmental issues. While it can be associated with elevated AFP, it is less commonly linked to such high levels compared to other conditions.

3. **Spina Bifida Cystica**: This condition involves a neural tube defect where the spine does not close properly, leading to a sac-like protrusion. Elevated AFP is a hallmark of this condition, making it a strong candidate.

4. **Trisomy 18 (Edwards Syndrome)**: This condition is also characterized by elevated AFP levels, but it is less common than Spina Bifida Cystica. However, given the elevated AFP, it remains a plausible diagnosis.

Given the elevated AFP levels and"
46,UNKNOWN,D,False,"D
The correct answer is D. Separation",C,False,"To determine the most likely primary mechanism for the development of edema in this patient, we need to consider the clinical presentation and the context of the injury.

1. **Clinical Presentation**: The patient has a painful, swollen lesion with fluctuance (a sensation of fluid movement) on the lateral side of her foot. This suggests an abscess or infected wound.

2. **Injury Context**: The patient recently cut her foot on an exposed rock, which is a common source of bacterial infection, especially if the wound was not properly cleaned or treated.

3. **Edema Mechanism**:
   - **Option A (Fluid production by bacteria)**: While bacteria can produce exotoxins that cause inflammation and edema, this is more of a secondary effect rather than the primary mechanism.
   - **Option B (Decreased plasma oncotic pressure)**: Edema due to decreased oncotic pressure would typically be seen in conditions like heart failure or nephrotic syndrome, where there's a loss of protein in the blood. This does not fit the scenario of a recent cut on the foot.
   - **Option C (Systemic cytokine release)**: Systemic cytokine release can lead to widespread inflammation but doesn't specifically address localized edema.
   -"
47,UNKNOWN,A,False,"A
The correct answer is A.

Based on",A,False,"Let's analyze the information provided to determine the most likely diagnosis.

1. The patient has fatigue and pruritus (itching), which can be symptoms of liver disease.
2. An enlarged, nontender liver on examination suggests hepatic enlargement.
3. Elevated serum alkaline phosphatase (ALP) levels indicate increased bone turnover or liver disease.
4. Elevated serum aspartate aminotransferase (AST) and alanine aminotransferase (ALT) levels suggest liver injury.
5. Elevated serum antimitochondrial antibodies (AMA) are indicative of primary biliary cholangitis (PBC).

Given these findings, we can infer that the patient likely has PBC, a chronic autoimmune disorder that primarily affects the small bile ducts in the liver.

Now, let's consider the biopsy findings for PBC:

- In PBC, there is typically a pattern of concentric fibrous obliteration of both small and large bile ducts.
- This pattern is known as ""periportal fibrosis"" or ""fibrous, concentric obliteration of small and large bile ducts.""

Therefore, the correct answer is [A]. Therefore, the correct answer is A."
